id,product brand,product name,edmonton_price,brand id
9891,Unknown,"Zucchini Pepper Kebab, 4 pack",10.0,1
10728,Unknown,"Zucchini Pepper Kebab, 2 pack",6.0,1
9434,Unknown,Zucchini,1.85,1
9557,President's Choice,Yellow Potatoes,6.99,2
12035,Farmer's Market,Yellow Potato 10lb Bag,8.49,3
12584,Unknown,Yellow Peaches,3.08,1
9676,Unknown,Yellow Onions Diced,4.0,1
9429,Farmer's Market,Yellow Onions,3.49,3
13763,Farmer's Market,Yellow Onions,10.99,3
11531,Unknown,Yellow Nectarines,2.16,1
10089,President's Choice,Yellow Mini Potatoes,4.99,2
10410,Unknown,Yellow Dragon Fruit,6.99,1
10130,Unknown,Yellow Asian Pears,2.46,1
9461,Paramount,"Wonderful Pistachios, Sweet Chili",6.99,4
11097,Unknown,White Potatoes,2.37,1
10720,Unknown,White Peaches,2.31,1
12542,Unknown,White Onion,2.44,1
11573,Unknown,White Mushrooms,0.36,1
10388,Unknown,White Flesh Nectarine,1.06,1
11547,Unknown,Watermelon Cubed Large,9.0,1
12045,Unknown,Watercress,3.99,1
9876,Inspired Leaves,Washed Lettuce Crispies & Crunchies,5.99,5
10387,Unknown,Villagio Marzano Tomatoes,7.99,1
11542,Unknown,Veggie Tripack,14.0,1
11575,Marzetti,"Veggie Dip, Spinach",5.99,6
13757,Marzetti,"Veggie Dip, Southwest Ranch",5.99,6
12540,Marzetti,"Veggie Dip, Light Ranch",5.99,6
13748,President's Choice,Vegetable Medley,8.99,2
10735,President's Choice,Variety Pack Tomatoes,8.99,2
10752,PC Blue Menu,Unsalted California Pistachios,6.49,8
10092,PC Blue Menu,Unsalted California Pistachios,11.99,8
11104,Unknown,Turnips,2.5,1
9423,Unknown,Tomato On The Vine Red (1 Bunch),4.68,1
9516,Unknown,Tomato Grape Cherub,6.99,1
10749,Unknown,Tomato Bocconcini Salad,9.0,1
9425,Unknown,Tomato Beefsteak Red,1.47,1
10741,President's Choice,Thyme,3.29,2
13154,President's Choice,Tarragon,3.29,2
9534,Unknown,Tamarinds,5.99,1
13159,Unknown,Taiwanese Flat Cabbage,3.97,1
13133,Farmer's Market,Sweet Potatoes,9.99,3
9458,Unknown,Sweet Potato,3.46,1
12020,Unknown,Sweet Onion,3.03,1
10411,Eat Smart,Sweet Kale Salad Kit,6.49,12
10733,Unknown,Sweet Kale,9.0,1
9444,Unknown,Sweet Green Peppers,3.08,1
10117,Renees,Sweet Chili Refrigerated Dip,5.99,11
11560,POM Wonderful,Super Tea Pomegranate Peach Passion White Tea,11.99,13
9874,Dole,Sunflower Bacon Crunch Chopped Salad Kit,6.99,14
11101,Sunrich,Sun Rich Sliced Red Apples,6.0,16
12050,Manns,Sugar Snap Peas  ,10.99,17
10744,Unknown,Strawberry Parfait,5.0,1
12556,Bolthouse,Strawberry Banana,9.99,7
10415,Unknown,Strawberries Small,6.0,1
9430,Unknown,Strawberries 2LB,9.99,1
9418,Unknown,Strawberries 1LB,6.49,1
9854,Unknown,"Stir Fry Vegetable Mix (Peppers,Mushrooms & Onion Mix)",6.0,1
10395,Unknown,"Steak & Egg Salad, Family Size",19.0,1
9515,Unknown,Steak & Egg Salad,9.0,1
12018,Fresh Attitude,Spring Mix Salad with Toppings Single Sized,6.99,18
10121,President's Choice,Spring Mix,4.99,2
12546,Unknown,"Spinach, Bunched",2.99,1
9537,Unknown,Spaghetti Squash,8.3,1
9539,President's Choice,Southwest Salad Kit,6.99,2
9879,Marzetti,Southwest Ranch Veggie Dip,1.49,6
12010,Unknown,Sour Cabbage Head,11.74,1
13134,Unknown,Solo Papaya,7.99,1
9538,Manns,Snow Peas,5.99,17
13151,Unknown,Snap Peas,5.99,1
9693,Unknown,Snack Platter Vegetables,6.0,1
11141,Unknown,Snack Platter,8.0,1
10095,Unknown,"Snack Cup, Veggies & Dip",6.0,1
12053,Unknown,Shanghai Bok Choy Jr.,6.6,1
12572,Unknown,Shanghai Bok Choy,4.63,1
9697,President's Choice,Sea Salt Pistachios,7.99,2
12051,Unknown,Savoy Cabbage,5.35,1
10734,President's Choice,Salted Virginia Peanuts,4.99,2
11143,President's Choice,Salted California Pistachios,11.99,2
10758,President's Choice,Salted California Pistachios,6.49,2
9527,President's Choice,Salad Kit Sweet Kale Club Size,8.99,2
13759,President's Choice,Salad Kit Chopped Sesame Wonton,6.99,2
11539,President's Choice,Sage,3.29,2
9452,Farmer's Market,Russet Potatoes,8.99,3
9892,Unknown,Russet Potato,2.36,1
11099,President's Choice,Ruby Little Gems Potatoes,4.99,2
9447,Unknown,Royal Gala Apples,1.38,1
10739,President's Choice,Rosemary,3.29,2
10106,Unknown,"Root Harvest Mix (cubed Parsnip, Carrots, Butternut Squash, Yams, Red Onions, Celery)",7.0,1
10097,Unknown,Romaine Salad Family Size,15.0,1
10719,President's Choice,Romaine Salad,4.99,2
13158,Unknown,Romaine Lettuce,3.99,1
12038,Unknown,Romaine Hearts,9.99,1
9424,Unknown,"Romaine Heart, 3 Pack",3.99,1
9445,Unknown,Roma Tomatoes,0.79,1
10113,No Name,"Roasted Peanuts, No Salt",7.99,22
10390,No Name,Roasted Peanuts In Shell,13.99,22
13738,Unknown,Rhubarb,5.99,1
10737,President's Choice,Red Thai Hot Peppers,5.99,2
12042,Unknown,Red Swiss Chard,4.99,1
9419,Unknown,Red Seedless Watermelon,8.99,1
9518,Unknown,Red Seedless Grapes,13.08,1
11562,Farmer's Market,Red Potatoes 10lb Bag,8.49,3
13131,President's Choice,Red Potatoes,6.99,2
13762,Unknown,Red Potatoes,1.43,1
9431,Unknown,Red Peppers,2.64,1
13758,Farmer's Market,Red Onions,6.99,3
9433,Unknown,Red Onion,2.44,1
12571,Unknown,Red Leaf Lettuce,3.99,1
12582,Farmer's Market,Red Grapefruit,7.99,3
9543,Unknown,Red Grapefruit,2.99,1
13149,Bolthouse,Red Goodness,6.99,7
9704,President's Choice,Red Fresno Hot Peppers,5.99,2
13136,Farmer's Market,Red Delicious Apples 3lb Bag,7.99,3
9531,Unknown,Red Delicious Apples,1.38,1
9421,Unknown,Red Cherries,13.71,1
13766,Unknown,Red Cabbage,5.84,1
12043,Unknown,"Red Beets, Bunched",4.99,1
9886,Unknown,Red Beets,1.04,1
10131,President's Choice,"Ready Veggie, Kale Blend",5.99,2
11125,No Name,"Raw, Unsalted Sunflower Seeds",2.29,22
9878,No Name,"Raw, Unsalted Pumpkin Seeds",2.29,22
9884,Unknown,Raspberry Pint,8.99,1
10418,Unknown,Raspberry Banana Parfait,5.0,1
9438,Unknown,Raspberries 1/2 pint,5.49,1
9669,President's Choice,Ranch Pouch 44Ml,0.59,2
13125,Unknown,Radishes,2.69,1
13124,Unknown,Radish,3.99,1
11571,Unknown,Radicchio Lettuce,3.41,1
13765,Unknown,Purple Eggplants,3.76,1
9872,Unknown,Premium Sweet Kale Power Salad,9.0,1
10124,Unknown,Premium Radicchio,9.0,1
9865,Unknown,Premium Large Vetable Platter (Minimum 24 Hours Notice Required),40.0,1
9889,Unknown,Premium Greek Classic,9.0,1
11540,Unknown,Premium Garden Vegetable With Cheese,9.0,1
13147,Unknown,Premium Garden Vegetable Spring Mix With Chicken Salad,9.0,1
9703,Unknown,Premium Garden Veg Romaine,9.0,1
9666,Unknown,Premium Chicken Caesar Salad,9.0,1
9685,Unknown,Premium Chicken BLT,9.0,1
10135,Unknown,Premium Baby Spinach With Fruit & Nuts,9.0,1
10718,Unknown,Premium Baby Spinach With Chicken,9.0,1
12537,Unknown,Potato Baking Tray,4.99,1
12581,Unknown,Popeye Select Spinach,11.99,1
11570,Unknown,Popeye Baby Spinach Mix,4.49,1
9545,Unknown,Pomegranate,4.99,1
9553,President's Choice,Poblano Hot Peppers,5.99,2
12558,Unknown,"Plantains, Single",1.16,1
13157,Unknown,Pitted Honey Dates,7.99,1
10406,Paramount,Pistachios No Shells Roasted Light Salt,9.99,4
11549,Paramount,Pistachios No Shells Chili Roasted,9.99,4
11105,Paramount,Pistachios Lightly Salted,12.99,4
9671,Farmer's Market,Pink Lady Apples 5lb Bag,11.99,3
9862,Unknown,Pink Lady Apples,1.38,1
12547,Unknown,Pineapple/Straws Large,10.0,1
10119,Unknown,"Pineapple Vegetable Kebab, 4 pack",10.0,1
10123,Unknown,"Pineapple Vegetable Kebab, 2 pack",6.0,1
9536,Unknown,Pineapple Orange Raspberry Juice,6.0,1
9851,Unknown,Pineapple Cubed Small,6.0,1
9860,Unknown,Pineapple Cubed Large,10.0,1
10118,Unknown,Pineapple,5.99,1
9695,Unknown,"Peppers, Mini",4.99,1
12039,Farmer's Market,Peaches,8.99,3
12017,Gourmet Garden,Paste Thai Seasoning,5.99,24
12015,Gourmet Garden,Paste Lemongrass,5.99,24
12569,Gourmet Garden,Paste Italian Herbs,5.99,24
12047,Gourmet Garden,Paste Ginger,5.99,24
13742,Gourmet Garden,Paste Garlic,5.99,24
12014,Gourmet Garden,Paste Cilantro,5.99,24
12054,Gourmet Garden,Paste Chunky Garlic,5.99,24
13746,Gourmet Garden,Paste Basil,5.99,24
9544,Unknown,Passion Fruit,2.49,1
11544,Unknown,Parsnips 2lb Bag,6.49,1
12539,Unknown,Papaya,7.14,1
9893,PC Organics,Organics Yellow Onions,4.99,21
13137,PC Organics,Organics Whole White Mushrooms,8.99,21
12048,PC Organics,Organics Whole Shitake Mushrooms,4.99,21
9550,PC Organics,Organics Whole Oyster Mushrooms,4.99,21
9698,PC Organics,Organics Whole Cremini Mushrooms,3.49,21
11110,PC Organics,Organics Whole Button Cremini Mushrooms,4.29,21
11131,PC Organics,Organics Sliced Portobello Mushrooms,5.49,21
11142,PC Organics,Organics Sliced Cremini Mushrooms,3.99,21
10756,PC Organics,Organics Portobello Mushroom Caps,6.99,21
9664,PC Organics,Organics Field Greens Salad Mix,4.99,21
10413,PC Organics,Organics Baby Spinach,4.99,21
9856,PC Organics,Organics Baby Spinach,6.99,21
13117,PC Organics,Organics Baby Cut Carrots,6.79,21
10127,PC Organics,Organic Yellow Potatoes,6.99,21
10759,PC Organics,Organic Whole Cremini Mushroooms,6.49,21
11576,PC Organics,Organic Thyme,3.29,21
11535,PC Organics,Organic Sweet Potatoes 3lb Bag,9.99,21
10104,Unknown,Organic Strawberries 1 LB,8.99,1
10401,Unknown,Organic Spaghetti Squash,13.77,1
10724,PC Organics,Organic Russet Potatoes,5.49,21
13756,PC Organics,Organic Rosemary,3.29,21
9679,PC Organics,Organic Red Potatoes,6.99,21
10129,Unknown,Organic Raspberries 1/2 pint,6.49,1
12566,Unknown,Organic Rainbow Swiss Chard,4.99,1
13749,Unknown,Organic Rainbow Carrots,5.99,1
10116,PC Organics,Organic Peppers,6.99,21
12041,PC Organics,Organic Mint,3.29,21
13138,Unknown,Organic Medjool Dates,11.99,1
11568,Remedy,Organic Mango Passionfruit Kombucha,5.99,23
9462,Unknown,Organic Mango,3.49,1
9529,PC Organics,Organic Lime,5.99,21
9684,PC Organics,Organic Lemons,6.99,21
13740,Unknown,Organic Leeks,6.99,1
12570,Unknown,Organic Iceberg Lettuce,4.99,1
12011,PC Organics,Organic Green Onions,1.99,21
11123,Unknown,Organic Green Kiwi,5.99,1
13743,Unknown,Organic Green Kale,4.99,1
13747,Unknown,Organic Green Cabbage,11.53,1
10409,PC Organics,Organic Field Greens & Baby Spinach - Salad Mix,6.99,21
13755,Unknown,"Organic English Cucumber, Pack of 2",6.99,1
13752,PC Organics,Organic Cucumber Mini,6.99,21
13146,PC Organics,Organic Cremini Mushrooms,8.99,21
11572,Love Beets,Organic Cooked Beets,6.99,27
12012,PC Organics,Organic Cauliflower,7.49,21
13126,Unknown,Organic Carrots Bunched,4.99,1
10115,PC Organics,Organic Carrots,4.49,21
9875,Unknown,Organic Cantaloupe,6.99,1
11121,PC Organics,Organic Button White Mushrooms,4.99,21
12567,Unknown,Organic Brussel Sprouts,9.99,1
9700,PC Organics,Organic Broccoli Florets,6.99,21
12573,PC Organics,Organic Broccoli,6.99,21
12545,Unknown,Organic Blackberries,6.49,1
10112,PC Organics,Organic Basil,3.29,21
9440,PC Organics,"Organic Bananas, Bunch",2.88,21
13741,PC Organics,Organic Asparagus,6.99,21
12029,Remedy,Org Kom Rasp Lemn 700Ml,5.99,23
11129,Unknown,Oranges Wedges,7.0,1
9541,Unknown,Orange Wedges Small,5.0,1
9459,Unknown,Orange Juice,12.0,1
9694,Unknown,Orange Juice,6.0,1
9454,President's Choice,Ontario Greenhouse-Grown Strawberries,6.99,2
11574,Unknown,Okra,1.21,1
11103,Paramount,"No shell Pistachios, Sea Salt & Vinegar",9.99,4
9517,Paramount,No shell BBQ Pistachios,9.99,4
9523,Unknown,"Neptune Crab Salad, Mini",5.0,1
12028,Farmer's Market,Navel Oranges,7.99,3
9890,Unknown,"Navel Orange, Medium",2.24,1
10111,Unknown,Navel Orange,2.31,1
9547,No Name,Naturally Imperfect Mixed Sweet Peppers 2.5lb Bag,5.99,22
12037,No Name,Naturally Imperfect Avocados,9.99,22
10717,PC Organics,"Mushroom White, Sliced",3.99,21
10732,Unknown,"Mushroom Kebab, 4 pack",10.0,1
9678,Unknown,"Mushroom Kebab, 2 pack",6.0,1
10114,Bolthouse,Mocha Cappuccino,6.99,7
9677,President's Choice,Mixiany Tomato 454G,7.49,2
10384,Unknown,Mixed Melon Cubed Large,10.0,1
9658,President's Choice,Mixed Little Gems,4.99,2
10714,President's Choice,Mixed Greens,4.99,2
13144,Unknown,Mixed Fruit Parfait,5.0,1
10105,Unknown,Mixed Dried Mushrooms,5.99,1
10748,Unknown,Mixed Cut Peppers,6.0,1
9674,Unknown,Mixed Berry Juice,12.0,1
9548,Unknown,Mixed Berry Blend,6.0,1
12022,Unknown,"Mint, Fresh",1.99,1
11127,President's Choice,Mint,3.29,2
11563,Wholly Guacamole,Minis,6.99,28
10740,Unknown,Mini Seedless Watermelon,7.99,1
9853,Farmer's Market,Mini Potato Trio,7.99,3
10091,Unknown,Mini Medjools Sweet & Salty Almond,8.99,1
11532,Unknown,Mini Medjools Organic Cranberry Pistachio,11.99,1
9696,Unknown,Mini Garden Cheddar Salad,5.0,1
9455,Farmer's Market,Mini Cucumbers,7.99,3
9451,Farmer's Market,Mini Cucumbers,4.99,3
11098,Unknown,Mini Cobb Salad,5.0,1
10723,Farmer's Market,Mini Carrots 1lb,2.99,3
12021,Farmer's Market,Mini Carrots,5.99,3
13150,The Little Potato Company,Microwave Ready Savoury Herb Potatoes,4.99,25
12026,The Little Potato Company,Microwave Ready Lemon and Garden Herb Potatoes,4.99,25
10101,Unknown,"Mediterranean Tuna Salad, Mini",5.0,1
9522,Unknown,McIntosh Apples 3lb Bag,6.99,1
10103,Unknown,"Marinated Tofu Kebab, 4-Pack",10.0,1
11114,Unknown,"Marinated Tofu Kebab, 2-Pack",6.0,1
9871,Unknown,Mango Spears,8.0,1
13153,President's Choice,Mandarin Oranges,6.99,2
9869,Unknown,Mandarin Oranges,2.25,1
10389,Unknown,Lunch Size Veg and Dip 600G,8.0,1
10102,Unknown,Long Eggplants,1.92,1
10738,President's Choice,Loads Of Garlic Caesar Salad Kit,6.99,2
9556,Summer Fresh,Loaded Potato Salad,2.29,29
13761,Unknown,LoBok (Daikon Radish),3.28,1
10408,President's Choice,Live Lettuce Tri Mix - 1 Unit,3.99,2
9849,President's Choice,Live Lettuce Boston,3.99,2
9436,Unknown,Limes,0.99,1
12040,Gourmet Garden,Lightly Dried Parsley,5.99,24
12055,Gourmet Garden,Lightly Dried Cilantro,5.99,24
12049,Gourmet Garden,Lightly Dried Basil,5.99,24
9426,Unknown,Lettuce Iceberg,3.99,1
9692,President's Choice,Lettuce Green,3.99,2
13760,Farmer's Market,Lemons 3lb Bag,7.99,3
12580,Unknown,Lemongrass,1.99,1
9428,Unknown,Lemon,0.99,1
12025,Unknown,Leeks,6.99,1
10746,Unknown,Large Steak & Egg Salad,13.0,1
13135,Unknown,Large Shrimp & Bacon Caesar Salad,13.0,1
9858,Unknown,Large Neptune Crab Salad,13.0,1
9868,Unknown,Large Mexican Style Beef Taco Salad,13.0,1
9552,Unknown,Large Mediterranean Tuna Salad,13.0,1
10731,Unknown,Large Lobster Club Salad,17.0,1
9525,Unknown,Large House Salad,12.0,1
9526,Unknown,Large House Cheddar Salad,12.0,1
10419,Unknown,Large Greek Salad,12.0,1
10421,Unknown,Large Chicken Caesar Salad,12.0,1
12559,Remedy,Kombucha Wild Berry,5.99,23
13745,Unknown,Kohlrabi,3.23,1
12568,President's Choice,Kale Slaw,4.49,2
12024,Unknown,Kale,3.99,1
10412,Unknown,Kabocha Squash,13.51,1
10382,Bolthouse,"Juice, 100% Pomegranate",9.99,7
9560,Unknown,Jicama,4.23,1
11116,Unknown,Japanese Yams,7.73,1
10742,Unknown,Jalapeno Peppers,0.5,1
13152,President's Choice,Jalapeno Hot Peppers,5.99,2
9528,Well,Ink. Lemonade Spirulina,5.99,30
12560,Well,Ink. Lemonade Charcoal,5.99,30
10715,Unknown,Honeydew Slices,6.0,1
9546,Unknown,Honeydew Melon Halves,6.0,1
11559,Unknown,Honeydew Melon,6.99,1
9880,Unknown,Honeydew Cubed Small,6.0,1
10094,Unknown,Honeycrisp Apples,2.11,1
9514,President's Choice,Honey Roasted Pistachios,7.99,2
11111,Eat Smart,Honey Dijon Kale,6.49,12
10385,Unknown,Hami Melons,14.75,1
10108,Unknown,"Halloom Pineapple Kebab, 2 pack",6.0,1
9895,Unknown,Guava,6.05,1
11548,Unknown,Grilling Veggie Kabobs,8.0,1
11569,Unknown,"Greenhouse Peppers, Yellow",2.75,1
12032,Unknown,"Greenhouse Peppers, Orange",2.64,1
11546,President's Choice,Green Thai Hot Peppers,5.99,2
13739,Unknown,Green Swiss Chard,4.99,1
9437,Unknown,Green Seedless Grapes,13.47,1
10745,Unknown,Green Peppers,5.99,1
9420,Unknown,Green Onion,1.99,1
12046,Unknown,Green Leaf Lettuce,3.99,1
12541,Unknown,Green Beans,0.5,1
9682,President's Choice,Green Beans,5.99,2
9702,Unknown,Greek Yogurt Parfait,5.0,1
9521,Unknown,Greek Salad Family Size,17.0,1
9850,Tiffany Gates,Greek Quinoa Salad Kit,1.99,10
9441,Farmer's Market,Grape Tomatoes,4.99,3
9887,Farmer's Market,Grape Tomato 907G,7.99,3
10381,PC Organics,Granny Smith Apples 3Lb Bag,10.99,21
9670,Unknown,Granny Smith Apples,1.32,1
9524,Farmer's Market,Granny Smith Apples,8.99,3
10422,Unknown,Granadilla,2.99,1
9877,Unknown,Golden Figs,5.99,1
11564,Bolthouse,Ginger Carrot Turmeric,9.99,7
9450,Unknown,Ginger,2.31,1
9456,Rooster,"Garlic Bulbs, 3-count",1.99,32
10423,Unknown,Garlic Bulbs,5.99,1
11554,Unknown,Garden Vegetable Spring Mix,9.0,1
9861,Unknown,Garden Salad Mini,5.0,1
11541,President's Choice,Garden Salad,8.99,2
13143,President's Choice,Garden Salad,4.49,2
10726,Farmer's Market,Gala Apples 3lb Bag,7.99,3
10416,PC Organics,Gala Apples 3Lb Bag,10.99,21
9520,PC Organics,Gala Apples,1.94,21
13122,Unknown,Fuyu Persimmon,2.99,1
10128,Unknown,Fuji Apples,1.58,1
11115,Unknown,Fruit Salad Large,10.0,1
9519,Unknown,Fresh Salsa,4.16,1
9863,President's Choice,Fresh Poultry Herb Blend,3.29,2
10414,Unknown,"Fresh Orange, Spinach, Kale, Celery Juice",13.0,1
10100,Unknown,"Fresh Orange, Spinach, Kale, Celery Juice",7.0,1
9687,Unknown,Fresh Orange Juice,6.0,1
10417,Unknown,Fresh Orange Juice,12.0,1
12544,Unknown,Fresh Mango Pineapple Smoothie,5.99,1
10090,Unknown,"Fresh Guacamole, Small",3.99,1
9852,Unknown,Fresh Green Spinach Mango Smoothie,5.99,1
12576,Unknown,"Fresh Dill, Baby",3.99,1
9464,Unknown,"Fresh Cut Fruit Salad, Small",7.0,1
11565,The Little Potato Company,Fresh Creamer Potatoes Smoked Salt,4.99,25
11557,The Little Potato Company,"Fresh Creamer Potatoes Roasted Garlic, Rosemary & Thyme",4.99,25
12044,Unknown,Fresh Coconut Young,5.99,1
9672,Unknown,"Fresh Berry Bowl, Small",7.0,1
13121,Unknown,Fresh Banana Strawberry Smoothie,5.99,1
10713,Unknown,"Fresh Apple, Lemon, Ginger, Turmeric Juice",7.0,1
9549,Unknown,"Fresh Apple, Lemon, Ginger, Turmeric Juice",13.0,1
11128,Unknown,"Fresh Apple, Carrot, Beet, Lemon Juice",7.0,1
9554,Unknown,"Fresh Apple, Carrot, Beet, Lemon Juice",13.0,1
9533,Unknown,"Fresh Apple, Blueberry, Cranberry, Mint Juice",13.0,1
9555,Unknown,"Fresh Apple, Blueberry, Cranberry, Mint Juice",7.0,1
11561,Renees,French Onion Refrigerated Dip,5.99,11
12577,Unknown,French Beans,5.99,1
9859,President's Choice,Fingerling Potatoes,4.99,2
12579,Unknown,Fenugreek,2.99,1
13123,Unknown,Fennel,5.99,1
13155,Unknown,"Eggplant, Baby",0.55,1
12016,Duda Farms,Duda Celery Sticks,5.99,33
9855,Aurora,Dried Turkish Figs,2.99,15
10747,Unknown,Dried Turkish Apricots,3.99,1
9460,Unknown,Dried Porcini Mushrooms,5.99,1
10126,President's Choice,Dressing Caesar,0.59,2
10110,President's Choice,Dressing Blue Cheese,0.59,2
12561,Unknown,Dragon Fruit,4.99,1
11566,Litehouse,Dip Organic Ranch,5.49,35
11558,Renees,Dill Refrigerated Dip,5.99,11
9513,Unknown,"Diced Papaya, Small",6.0,1
11533,Unknown,"Diced Mango, Small",6.0,1
9558,Well,Detox 60 ml,3.99,30
10716,Unknown,Decadent Strawberry Parfait,5.0,1
9675,Unknown,Decadent Blueberry Parfait,5.0,1
11120,Unknown,Dates Cups,3.69,1
9873,Unknown,Cut Papaya Halves,5.0,1
9542,Unknown,Curly Parsley,2.69,1
13156,Unknown,Cremini Mushrooms,0.36,1
11113,Unknown,"Corn Pepper Zucchini Red Pepper Kebab, 4 pack",10.0,1
9448,Farmer's Market,Corn On The Cob,5.99,3
10132,Summer Fresh,Corn & Pepper Quinoa,22.9,29
10424,Unknown,Cored Pineapple,7.49,1
9896,Love Beets,Cooked Beets,5.99,27
10420,President's Choice,Coleslaw,8.99,2
9867,President's Choice,Coleslaw,3.49,2
9864,Unknown,Cold Pressed Lemonade,6.0,1
12565,Well,Cold Pressed Juice Played,5.99,30
12564,Well,Cold Pressed Juice Greens,5.99,30
12036,Well,Cold Pressed Juice Be Well,5.99,30
12562,Unknown,Coconuts,3.99,1
10751,Unknown,Cobb with Cheddar Salad Mini,5.0,1
11132,Tiffany Gates,Classic Coleslaw,2.29,10
10743,Wholly Guacamole,Classic Bowl,5.99,28
9680,Taylor Farms,"Chopped Salad Kit, Maple Bourbon Bacon",6.99,31
9701,Taylor Farms,"Chopped Salad Kit, Dill Pickle",6.99,31
10736,Taylor Farms,"Chopped Salad Kit, Buffalo Ranch",6.99,31
9857,President's Choice,Chopped Romaine,8.99,2
11567,President's Choice,Chopped Mexican Style Street Corn Salad Kit,6.99,2
11100,Earthbound Farms Organic,Chop Kale Caesar,7.49,36
10750,Dole,Chop Chop Kit Teriyaki Pineapple,6.99,14
10730,Dole,Chop Chop Kit Everything Caesar,6.99,14
9551,President's Choice,Chives,3.29,2
12538,President's Choice,Chipotle Chop Salad Kit,6.99,2
12056,Unknown,Chinese Napa Cabbage,6.15,1
9882,Unknown,"Chinese Carrots, Jumbo",4.07,1
10729,Unknown,Chickpea Salad,9.0,1
11543,Unknown,"Chicken Ceasar Salad, Mini No Bacon",5.0,1
10403,Unknown,Chicken Caesar Salad Mini,5.0,1
10396,Unknown,Chicken Caesar Salad Family Size,17.0,1
9532,Unknown,Chicken BLT Salad Mini,5.0,1
10107,Unknown,"Chick Pea Salad, Mini",5.0,1
11109,Unknown,Chayote Squash,1.69,1
10727,Unknown,"Chanterelle Mushrooms, Dried",5.99,1
10093,Unknown,Cello Spinach,4.99,1
9432,Unknown,Celery Stalks,3.99,1
13750,Unknown,Celery Root,8.34,1
12023,Unknown,Celery Hearts,5.99,1
10096,Unknown,Cauliflower Steak,10.0,1
12574,President's Choice,Cauliflower Slaw,4.49,2
10098,Unknown,Cauliflower Florets,6.0,1
12575,President's Choice,Cauliflower Florets,5.99,2
10383,Unknown,Cauliflower And Broccoli,6.0,1
9439,Unknown,Cauliflower,5.99,1
11122,Unknown,Cassava,3.73,1
12052,Unknown,"Carrots, Bunched",2.99,1
12578,Farmer's Market,Carrots 5lb Bag,6.99,3
11556,Farmer's Market,Carrots 2 LB,2.99,3
10122,Unknown,Carrots & Cucumber,6.0,1
9663,Unknown,Carrots & Celery,6.0,1
10407,Unknown,Carrots,0.57,1
10753,Unknown,Caribbean Avocado,5.99,1
10109,Marzetti,Caramel Dip Snack,6.49,6
9699,Unknown,"Caprese Salad, Mini",10.0,1
11537,Unknown,Cantaloupe Slices,6.0,1
9667,Unknown,Cantaloupe Halves,6.0,1
9453,Unknown,Cantaloupe,4.99,1
10402,Inspired Leaves,Canadian Reds Lettuce,5.99,5
11124,Unknown,California Salad,9.0,1
9881,Fresh Attitude,Caesar Salad with Toppings Single Sized,6.99,18
10405,Unknown,Caesar Salad Mini,5.0,1
10099,PC Blue Menu,Caesar Salad Kit,5.99,8
9540,President's Choice,Caesar Salad Kit,5.99,2
11130,Unknown,Caesar Salad Family Size,17.0,1
12557,President's Choice,Caesar Salad Chop Kit,6.99,2
13764,Unknown,"Cabbage, Green",6.27,1
12563,Bolthouse,C-Boost,6.99,7
10134,Unknown,Butternut Squash,12.38,1
10377,Unknown,Brussel Sprouts with Red Onions,7.0,1
12009,Unknown,Broccolini,3.99,1
13751,President's Choice,Broccoli Slaw,4.49,2
9888,Unknown,"Broccoli Salad, Mini",5.0,1
9885,President's Choice,Broccoli Florets,4.99,2
12013,President's Choice,Broccoli Florets,9.99,2
9866,Taylor Farms,Broccoli Crunch Salad Kit,6.99,31
9446,Unknown,Broccoli Crowns,3.34,1
10386,Unknown,Broccoli Crowns,6.0,1
9449,Unknown,Broccoli,4.49,1
11538,Unknown,Bok Choy,3.51,1
9870,Unknown,Blueberry Parfait,5.0,1
9443,Unknown,Blueberries 1 pint,3.99,1
10725,PC Organics,Blueberries,4.99,21
13148,Bolthouse,Blue Goodness,6.99,7
10757,President's Choice,Blood Oranges,7.99,2
12027,Unknown,Blackberries 1/2 Pint,4.99,1
10136,Unknown,Blackberries 1 pint,8.99,1
9435,Unknown,"Bi-Colour Corn, Corn on the Cob",0.99,1
10721,Bolthouse,Berry Boost,6.99,7
9442,Unknown,Bartlett Pears,1.38,1
10722,Unknown,Bard Valley Natural Delights Pitted Medjool Dates,9.99,1
9417,Unknown,"Bananas, Bunch",2.0,1
10755,President's Choice,Balsamic Vinaigrette Pouch,0.59,2
9559,President's Choice,Baby Spinach,6.99,2
13160,PC Organics,Baby Arugula,4.99,21
11534,President's Choice,Axiany Cherry Tomatoes,3.99,2
9883,PC Organics,"Avocados, Bag",6.99,21
9427,Unknown,Avocados Bag,6.49,1
9463,Unknown,Avocado Salad,9.0,1
9457,Unknown,Avocado,1.99,1
12019,Unknown,Ataulfo Mango,2.99,1
9422,Unknown,Asparagus,6.49,1
9530,Earthbound Farms Organic,Asian Salad,7.49,36
9894,PC Organics,Arugula & Baby Spinach Salad Mix,4.99,21
10760,Unknown,Apricots,1.08,1
10754,Unknown,Apple Cosmic Crisp,1.85,1
11126,Well,Antiox,3.99,30
9535,President's Choice,Ambrosia Apples,1.45,2
12583,Bolthouse,Amazing Mango,9.99,7
11102,Bolthouse,Amazing Mango,6.99,7
12543,Unknown,Acorn Squash,5.54,1
10125,President's Choice,50-50 Blend - A Blend of Baby Spinach and Field Greens,6.99,2
10120,Unknown,4 Inch Oregano Pot,3.99,1
10133,Unknown,4 Inch Cilantro Pot,3.99,1
10404,POM Wonderful,100% Pomegranate Juice,6.99,13
